occupation,step_order,step,description
Two/Three Wheeler Mechanic,1,Bike Mechanic,Current work experience recognized as starting point
Two/Three Wheeler Mechanic,2,Certified Technician,Complete RPL/training to get formal certification
Two/Three Wheeler Mechanic,3,Advanced Diagnostics Specialist,Upgrade with electrical and advanced diagnostics skills
Two/Three Wheeler Mechanic,4,Own Workshop Owner,Use business support to start independent workshop
Tailor (Ready-made Garments),1,Home-based Tailor,Current work experience recognized as starting point
Tailor (Ready-made Garments),2,Certified Garment Maker,Complete stitching and pattern-cutting certification
Tailor (Ready-made Garments),3,Fashion/Boutique Specialist,Upgrade with advanced design and embroidery skills
Tailor (Ready-made Garments),4,Boutique Owner,Use business support to start own boutique
Plumber (General),1,Helper Plumber,Current work experience recognized as starting point
Plumber (General),2,Certified Plumber,Complete RPL certification for pipe fitting and leak diagnosis
Plumber (General),3,Sanitary Installation Specialist,Upgrade with sanitary and fixture installation skills
Plumber (General),4,Independent Contractor,Take up independent plumbing contracts
Mason (Building),1,Helper Mason,Current work experience recognized as starting point
Mason (Building),2,Certified Mason,Complete skill upgrade training
Mason (Building),3,Site Supervisor,Add plan-reading and supervision skills
Mason (Building),4,Independent Contractor,Take up independent construction contracts
Cook (Domestic/Small Establishment),1,Home Cook,Current work experience recognized as starting point
Cook (Domestic/Small Establishment),2,Certified Commercial Cook,Complete food safety and commercial cooking training
Cook (Domestic/Small Establishment),3,Catering Assistant,Work with local catering/eatery businesses
Cook (Domestic/Small Establishment),4,Own Eatery/Catering Business,Use business support to start own food business
Field Crop Farm Worker,1,Farm Worker,Current work experience recognized as starting point
Field Crop Farm Worker,2,Skilled Farm Technician,Complete modern farming techniques workshop
Field Crop Farm Worker,3,Organic Farming Specialist,Add organic and irrigation management skills
Field Crop Farm Worker,4,Independent Farmer/Supervisor,Manage own or supervised farming operations
