role_id,occupation,role_title
R001,Two/Three Wheeler Mechanic,Bike/Scooter Repair Technician
R002,Auto Electrician,Vehicle Electrical Technician
R003,Tailor (Ready-made Garments),Garment Stitching Worker
R004,Embroiderer,Embroidery Artisan
R005,Plumber (General),Plumbing Worker
R006,Mason (Building),Construction Mason
R007,Cook (Domestic/Small Establishment),Cook/Kitchen Helper
R008,Field Crop Farm Worker,Agricultural Field Worker
R009,Handicraft Worker (Bamboo/Cane),Bamboo/Cane Artisan
R010,Shop Sales Assistant,Retail Sales Helper
