nco_code,occupation,description,education,keywords
7231.10,Two/Three Wheeler Mechanic,Repairs and maintains motorcycles scooters and other two/three wheelers,No formal education required,bike thik|gaadi thik|motorcycle repair|scooter|two wheeler|bike mechanic|vehicle repair
7411.20,Auto Electrician,Diagnoses and repairs electrical systems in vehicles,Class 8 or ITI preferred,vehicle electrical|auto electric|wiring gaadi|battery gaadi
7532.10,Tailor (Ready-made Garments),Stitches and alters garments using machine and hand tools,No formal education required,silai|tailoring|kapde silna|darzi|stitching|blouse|garment
7533.10,Embroiderer,"Creates decorative needlework on fabric, by hand or machine",No formal education required,kadhai|embroidery|zari work
7126.20,Plumber (General),Installs and repairs water supply and drainage systems,Class 8 or ITI preferred,plumbing|pipe fitting|nal thik|paani pipe
7121.10,Mason (Building),Constructs and repairs structures using bricks blocks and concrete,No formal education required,mistri|rajmistri|construction|building work|masonry
9412.10,Cook (Domestic/Small Establishment),Prepares food in homes dhabas or small eateries,No formal education required,khana banana|cooking|rasoi|dhaba cook
6111.10,Field Crop Farm Worker,Performs general farming and crop related work,No formal education required,kheti|farming|crop work|kisan
7318.10,Handicraft Worker (Bamboo/Cane),Produces handicraft items from bamboo cane and allied material,No formal education required,bamboo craft|cane work|handicraft
5223.10,Shop Sales Assistant,Assists customers and manages stock in retail shops,Class 8 preferred,dukaan|shop sales|retail helper
